Marker,Uncle,Uncle,Nephew1,Nephew1,Nephew2,Nephew2
D3S1358,16,14,15,16,15,16
vWA,17,19,15,17,15,16
D16S539,11,13,11,13,11,13
CSF1PO,10,12,7,8,8,10
TPOX,8,11,9,9,9,9
D8S1179,13,12,13,13,10,13
D21S11,29,31,29,31,31,30
D18S51,20,13,17,17,17,16
D2S441,12,14,12,14,12,14
D19S433,14,13,13,14,13,14
TH01,9.3,6,6,9,9,7
FGA,24,22,24,28,24,20
D22S1045,15,17,11,15,16,15
D5S818,11,12,11,12,11,12
D13S317,11,11,11,11,11,8
D7S820,9,13,8,10,10,8
SE33,17,18,17,18,17,18
D10S1248,13,13,13,14,13,14
D1S1656,12,13,12,13,13,16
D12S391,15,20,15,18,23,19
D2S1338,20,24,21,21,17,23
